compound_id,name_cn,feature,stored,RDKit,delta
HP-001,槲皮素,logP_est,0.8,1.988,1.188
HP-001,槲皮素,TPSA_est,148.9,131.36,-17.539999999999992
HP-001,槲皮素,nRot,0.0,1,1.0
HP-001,槲皮素,nAromSystems,2.0,3,1.0
HP-002,山奈酚,MW,284.22,286.23900000000003,2.0190000000000055
HP-002,山奈酚,logP_est,1.22,2.2824000000000004,1.0624000000000005
HP-002,山奈酚,TPSA_est,127.2,111.13000000000001,-16.069999999999993
HP-002,山奈酚,nRot,0.0,1,1.0
HP-002,山奈酚,nAromSystems,2.0,3,1.0
HP-003,芦丁,MW,630.68,610.5210000000003,-20.15899999999965
HP-003,芦丁,logP_est,0.26,-1.687100000000001,-1.947100000000001
HP-003,芦丁,TPSA_est,338.2,269.42999999999995,-68.77000000000004
HP-003,芦丁,nRot,1.0,6,5.0
HP-003,芦丁,nAromSystems,2.0,3,1.0
HP-004,芹菜素,MW,268.22,270.24,2.019999999999982
HP-004,芹菜素,logP_est,1.64,2.576800000000001,0.936800000000001
HP-004,芹菜素,TPSA_est,105.5,90.9,-14.599999999999994
HP-004,芹菜素,nRot,0.0,1,1.0
HP-004,芹菜素,nAromSystems,2.0,3,1.0
HP-005,木犀草素,logP_est,1.22,2.2824000000000004,1.0624000000000005
HP-005,木犀草素,TPSA_est,127.2,111.13000000000001,-16.069999999999993
HP-005,木犀草素,nRot,0.0,1,1.0
HP-005,木犀草素,nAromSystems,2.0,3,1.0
HP-006,黄芩素,MW,250.21,254.24099999999999,4.0309999999999775
HP-006,黄芩素,logP_est,2.06,2.8712000000000018,0.8112000000000017
HP-006,黄芩素,TPSA_est,83.8,70.67,-13.129999999999995
HP-006,黄芩素,nRot,0.0,1,1.0
HP-006,黄芩素,nAromSystems,2.0,3,1.0
HP-007,黄芩苷,MW,434.4,430.36500000000007,-4.034999999999911
HP-007,黄芩苷,logP_est,1.16,0.4365999999999995,-0.7234000000000005
HP-007,黄芩苷,TPSA_est,209.5,166.89000000000001,-42.609999999999985
HP-007,黄芩苷,nHBA,10.0,9,-1.0
HP-007,黄芩苷,nRot,1.0,4,3.0
HP-007,黄芩苷,nAromSystems,2.0,3,1.0
HP-008,汉黄芩素,MW,266.25,268.268,2.0179999999999723
HP-008,汉黄芩素,logP_est,2.33,3.1742000000000017,0.8442000000000016
HP-008,汉黄芩素,TPSA_est,82.3,59.67,-22.629999999999995
HP-008,汉黄芩素,nRot,1.0,2,1.0
HP-008,汉黄芩素,nAromSystems,2.0,3,1.0
HP-009,柚皮素,MW,288.3,286.2830000000001,-2.016999999999939
HP-009,柚皮素,logP_est,1.91,2.4388000000000005,0.5288000000000006
HP-009,柚皮素,TPSA_est,105.5,86.99000000000001,-18.50999999999999
HP-009,柚皮素,nRot,0.0,1,1.0
HP-010,橙皮苷,MW,650.8,624.5920000000002,-26.207999999999743
HP-010,橙皮苷,logP_est,0.72,-1.2276999999999996,-1.9476999999999995
HP-010,橙皮苷,TPSA_est,315.0,234.28999999999996,-80.71000000000004
HP-010,橙皮苷,nRot,2.0,7,5.0
HP-011,染料木素,MW,268.22,270.24,2.019999999999982
HP-011,染料木素,logP_est,1.64,2.576800000000001,0.936800000000001
HP-011,染料木素,TPSA_est,105.5,90.9,-14.599999999999994
HP-011,染料木素,nRot,0.0,1,1.0
HP-011,染料木素,nAromSystems,2.0,3,1.0
HP-012,大豆苷元,MW,250.21,254.24099999999999,4.0309999999999775
HP-012,大豆苷元,logP_est,2.06,2.871200000000001,0.8112000000000008
HP-012,大豆苷元,TPSA_est,83.8,70.67,-13.129999999999995
HP-012,大豆苷元,nRot,0.0,1,1.0
HP-012,大豆苷元,nAromSystems,2.0,3,1.0
HP-013,葛根素,MW,424.45,416.3820000000001,-8.06799999999987
HP-013,葛根素,logP_est,1.58,0.3860999999999997,-1.1939000000000004
HP-013,葛根素,TPSA_est,190.8,160.82,-29.980000000000018
HP-013,葛根素,nRot,1.0,3,2.0
HP-013,葛根素,nAromSystems,2.0,3,1.0
HP-014,二氢杨梅素,MW,354.36,320.253,-34.10700000000003
HP-014,二氢杨梅素,TPSA_est,170.6,147.68,-22.919999999999987
HP-014,二氢杨梅素,nRot,0.0,1,1.0
HP-015,水飞蓟宾,MW,374.43,364.35,-10.079999999999984
HP-015,水飞蓟宾,logP_est,1.19,1.2938999999999996,0.10389999999999966
HP-015,水飞蓟宾,TPSA_est,169.1,128.84,-40.25999999999999
HP-015,水飞蓟宾,nRot,1.0,4,3.0
HP-016,姜黄素,MW,364.44,368.38500000000005,3.94500000000005
HP-016,姜黄素,logP_est,2.57,3.3699000000000026,0.7999000000000027
HP-016,姜黄素,TPSA_est,124.2,93.06000000000002,-31.139999999999986
HP-016,姜黄素,nRot,2.0,8,6.0
HP-017,白藜芦醇,MW,226.23,228.247,2.0170000000000243
HP-017,白藜芦醇,logP_est,2.21,2.9738000000000016,0.7638000000000016
HP-017,白藜芦醇,TPSA_est,65.1,60.69,-4.409999999999997
HP-017,白藜芦醇,nRot,0.0,2,2.0
HP-018,虎杖苷,MW,398.45,390.3880000000001,-8.061999999999898
HP-018,虎杖苷,logP_est,1.61,-1.1200999999999997,-2.7300999999999997
HP-018,虎杖苷,TPSA_est,170.6,139.84,-30.75999999999999
HP-018,虎杖苷,nRot,1.0,3,2.0
HP-019,红景天苷,MW,312.4,300.307,-12.092999999999961
HP-019,红景天苷,logP_est,0.41,-1.2488000000000008,-1.6588000000000007
HP-019,红景天苷,TPSA_est,148.9,119.61000000000001,-29.289999999999992
HP-019,红景天苷,nRot,1.0,5,4.0
HP-020,绿原酸,MW,310.3,302.235,-8.064999999999998
HP-020,绿原酸,logP_est,-0.97,-1.6312000000000002,-0.6612000000000002
HP-020,绿原酸,TPSA_est,190.8,156.91,-33.890000000000015
HP-020,绿原酸,nHBA,9.0,8,-1.0
HP-020,绿原酸,nRot,1.0,3,2.0
HP-021,没食子酸,MW,172.14,170.11999999999998,-2.0200000000000102
HP-021,没食子酸,logP_est,-0.64,0.5015999999999998,1.1416
HP-021,没食子酸,TPSA_est,107.0,97.99000000000001,-9.009999999999991
HP-021,没食子酸,nHBA,5.0,4,-1.0
HP-022,原儿茶酸,logP_est,-0.22,0.7959999999999998,1.0159999999999998
HP-022,原儿茶酸,TPSA_est,85.3,77.76,-7.539999999999992
HP-022,原儿茶酸,nHBA,4.0,3,-1.0
HP-023,咖啡酸,MW,182.17,180.159,-2.0109999999999957
HP-023,咖啡酸,logP_est,0.32,1.1956,0.8755999999999999
HP-023,咖啡酸,TPSA_est,85.3,77.76,-7.539999999999992
HP-023,咖啡酸,nHBA,4.0,3,-1.0
HP-024,阿魏酸,MW,198.22,194.186,-4.033999999999992
HP-024,阿魏酸,logP_est,0.59,1.4986,0.9086
HP-024,阿魏酸,TPSA_est,83.8,66.76,-17.039999999999992
HP-024,阿魏酸,nHBA,4.0,3,-1.0
HP-025,厚朴酚,MW,232.32,228.291,-4.028999999999996
HP-025,厚朴酚,logP_est,2.9,3.3054400000000017,0.4054400000000018
HP-025,厚朴酚,TPSA_est,43.4,40.46,-2.9399999999999977
HP-025,厚朴酚,nRot,0.0,2,2.0
HP-026,和厚朴酚,MW,248.37,242.31799999999998,-6.052000000000021
HP-026,和厚朴酚,logP_est,3.17,3.5594200000000016,0.38942000000000165
HP-026,和厚朴酚,TPSA_est,43.4,40.46,-2.9399999999999977
HP-026,和厚朴酚,nRot,1.0,3,2.0
HP-027,五味子乙素,MW,368.64,344.4510000000001,-24.188999999999908
HP-027,五味子乙素,logP_est,3.68,4.029180000000003,0.3491800000000027
HP-027,五味子乙素,TPSA_est,82.3,47.92,-34.379999999999995
HP-027,五味子乙素,nRot,4.0,6,2.0
HP-028,牛蒡苷元,MW,352.43,344.3630000000001,-8.066999999999894
HP-028,牛蒡苷元,logP_est,2.3,2.8748000000000014,0.5748000000000015
HP-028,牛蒡苷元,TPSA_est,122.7,74.22000000000001,-48.47999999999999
HP-028,牛蒡苷元,nRot,3.0,6,3.0
HP-029,牛蒡苷,MW,508.61,492.4770000000002,-16.13299999999981
HP-029,牛蒡苷,logP_est,1.55,0.04489999999999966,-1.5051000000000003
HP-029,牛蒡苷,TPSA_est,229.7,164.37,-65.32999999999998
HP-029,牛蒡苷,nRot,3.0,8,5.0
HP-030,开环异落叶松脂素,MW,396.61,362.4220000000001,-34.18799999999993
HP-030,开环异落叶松脂素,logP_est,2.84,2.1172000000000013,-0.7227999999999986
HP-030,开环异落叶松脂素,TPSA_est,125.7,99.38000000000001,-26.319999999999993
HP-030,开环异落叶松脂素,nHBD,3.0,4,1.0
HP-030,开环异落叶松脂素,nRot,4.0,9,5.0
HP-031,大黄素,MW,280.36,268.268,-12.092000000000041
HP-031,大黄素,logP_est,2.09,2.490040000000001,0.40004000000000106
HP-031,大黄素,TPSA_est,83.8,74.6,-9.200000000000003
HP-031,大黄素,nAromSystems,0.0,2,2.0
HP-032,大黄酸,MW,282.21,284.22300000000007,2.0130000000000905
HP-032,大黄酸,logP_est,1.22,1.5714,0.35139999999999993
HP-032,大黄酸,TPSA_est,125.7,111.9,-13.799999999999997
HP-032,大黄酸,nHBA,6.0,5,-1.0
HP-033,芦荟大黄素,MW,258.27,254.24099999999999,-4.028999999999996
HP-033,芦荟大黄素,logP_est,1.94,1.6599,-0.2801
HP-033,芦荟大黄素,TPSA_est,83.8,74.6,-9.200000000000003
HP-033,芦荟大黄素,nAromSystems,1.0,2,1.0
HP-034,大黄素甲醚,MW,304.34,298.29400000000004,-6.045999999999935
HP-034,大黄素甲醚,logP_est,2.18,2.493220000000001,0.3132200000000007
HP-034,大黄素甲醚,TPSA_est,102.5,72.83000000000001,-29.669999999999987
HP-035,栀子苷,MW,368.46,348.30400000000014,-20.155999999999835
HP-035,栀子苷,logP_est,-0.97,-2.515999999999999,-1.5459999999999992
HP-035,栀子苷,TPSA_est,209.5,155.14000000000001,-54.359999999999985
HP-035,栀子苷,nRot,4.0,5,1.0
HP-036,龙胆苦苷,MW,352.47,332.30500000000006,-20.164999999999964
HP-036,龙胆苦苷,logP_est,-0.55,-2.338279999999999,-1.7882799999999988
HP-036,龙胆苦苷,TPSA_est,189.3,149.82,-39.48000000000002
HP-036,龙胆苦苷,nRot,2.0,5,3.0
HP-036,龙胆苦苷,nAromSystems,0.0,1,1.0
HP-037,桃叶珊瑚苷,MW,340.41,322.266,-18.144000000000005
HP-037,桃叶珊瑚苷,logP_est,-1.51,-4.034599999999998,-2.5245999999999986
HP-037,桃叶珊瑚苷,TPSA_est,211.0,166.14000000000001,-44.859999999999985
HP-037,桃叶珊瑚苷,nRot,2.0,4,2.0
HP-038,甘草次酸,MW,521.09,472.71000000000026,-48.37999999999977
HP-038,甘草次酸,logP_est,5.87,6.7807000000000075,0.9107000000000074
HP-038,甘草次酸,TPSA_est,83.8,74.6,-9.200000000000003
HP-038,甘草次酸,nHBA,4.0,3,-1.0
HP-039,甘草酸,MW,889.47,824.9580000000005,-64.51199999999949
HP-039,甘草酸,logP_est,3.57,2.6137000000000024,-0.9562999999999975
HP-039,甘草酸,TPSA_est,335.2,267.03999999999996,-68.16000000000003
HP-039,甘草酸,nHBA,16.0,13,-3.0
HP-039,甘草酸,nRot,3.0,7,4.0
HP-040,齐墩果酸,MW,509.13,458.7270000000002,-50.40299999999979
HP-040,齐墩果酸,logP_est,6.29,7.60170000000001,1.3117000000000099
HP-040,齐墩果酸,TPSA_est,63.6,57.53,-6.07
HP-040,齐墩果酸,nHBA,3.0,2,-1.0
HP-041,熊果酸,MW,509.13,458.7270000000002,-50.40299999999979
HP-041,熊果酸,logP_est,6.29,7.60170000000001,1.3117000000000099
HP-041,熊果酸,TPSA_est,63.6,57.53,-6.07
HP-041,熊果酸,nHBA,3.0,2,-1.0
HP-042,穿心莲内酯,MW,256.47,236.311,-20.15900000000002
HP-042,穿心莲内酯,logP_est,1.97,1.4572999999999998,-0.5127000000000002
HP-042,穿心莲内酯,TPSA_est,63.6,57.53,-6.07
HP-043,小檗碱,MW,362.49,352.4100000000001,-10.079999999999927
HP-043,小檗碱,logP_est,3.01,3.384800000000002,0.37480000000000224
HP-043,小檗碱,TPSA_est,93.3,40.8,-52.5
HP-043,小檗碱,nAromSystems,1.0,3,2.0
HP-044,苦参碱,MW,212.42,194.27799999999996,-18.142000000000024
HP-044,苦参碱,logP_est,0.9,1.8290000000000002,0.9290000000000002
HP-044,苦参碱,TPSA_est,45.2,23.550000000000004,-21.65
HP-044,苦参碱,nHBA,3.0,1,-2.0
HP-045,伞形花内酯,logP_est,0.74,1.4985999999999997,0.7585999999999997
HP-045,伞形花内酯,TPSA_est,62.1,50.44,-11.660000000000004
HP-045,伞形花内酯,nAromSystems,1.0,2,1.0
HP-046,滨蒿内酯,MW,212.24,206.19699999999997,-6.043000000000035
HP-046,滨蒿内酯,logP_est,0.86,1.8101999999999998,0.9501999999999998
HP-046,滨蒿内酯,TPSA_est,80.8,48.67,-32.129999999999995
HP-046,滨蒿内酯,nAromSystems,1.0,2,1.0
HP-047,东莨菪素,MW,196.2,192.17,-4.030000000000001
HP-047,东莨菪素,logP_est,0.59,1.5071999999999997,0.9171999999999997
HP-047,东莨菪素,TPSA_est,82.3,59.67,-22.629999999999995
HP-047,东莨菪素,nAromSystems,1.0,2,1.0
HP-048,丹参酮IIA,MW,228.25,226.23099999999997,-2.019000000000034
HP-048,丹参酮IIA,logP_est,2.09,2.782700000000001,0.6927000000000012
HP-048,丹参酮IIA,TPSA_est,60.6,47.28,-13.32
HP-048,丹参酮IIA,nAromSystems,1.0,2,1.0
DC-001,对乙酰氨基酚,MW,152.17,151.165,-1.0049999999999955
DC-001,对乙酰氨基酚,logP_est,0.34,1.3505999999999998,1.0105999999999997
DC-001,对乙酰氨基酚,TPSA_est,55.9,49.33,-6.57
DC-001,对乙酰氨基酚,nHBA,3.0,2,-1.0
DC-001,对乙酰氨基酚,nRot,2.0,1,-1.0
DC-002,阿司匹林,logP_est,0.32,1.3101,0.9901
DC-002,阿司匹林,TPSA_est,82.3,63.60000000000001,-18.69999999999999
DC-002,阿司匹林,nHBA,4.0,3,-1.0
DC-002,阿司匹林,nRot,3.0,2,-1.0
DC-003,布洛芬,MW,216.36,206.28499999999997,-10.075000000000045
DC-003,布洛芬,logP_est,2.24,3.073200000000001,0.8332000000000006
DC-003,布洛芬,TPSA_est,41.9,37.3,-4.600000000000001
DC-003,布洛芬,nHBA,2.0,1,-1.0
DC-004,双氯芬酸,MW,293.12,296.153,3.0330000000000155
DC-004,双氯芬酸,logP_est,3.08,4.364100000000001,1.2841000000000014
DC-004,双氯芬酸,TPSA_est,55.9,49.33,-6.57
DC-004,双氯芬酸,nHBA,3.0,2,-1.0
DC-004,双氯芬酸,nRot,2.0,4,2.0
DC-005,丙戊酸钠,MW,176.38,158.241,-18.13899999999998
DC-005,丙戊酸钠,logP_est,1.04,2.6775,1.6375000000000002
DC-005,丙戊酸钠,TPSA_est,41.9,37.3,-4.600000000000001
DC-005,丙戊酸钠,nHBA,2.0,1,-1.0
DC-006,二甲双胍,MW,140.25,129.167,-11.082999999999998
DC-006,二甲双胍,logP_est,-2.22,-1.243829999999999,0.9761700000000011
DC-006,二甲双胍,TPSA_est,67.0,91.49,24.489999999999995
DC-006,二甲双胍,nHBA,5.0,1,-4.0
DC-006,二甲双胍,nRot,2.0,0,-2.0
DC-007,华法林,MW,306.32,308.3330000000001,2.0130000000000905
DC-007,华法林,logP_est,3.14,3.609600000000003,0.4696000000000029
DC-007,华法林,TPSA_est,82.3,67.50999999999999,-14.790000000000006
DC-007,华法林,nRot,2.0,4,2.0
DC-007,华法林,nAromSystems,2.0,3,1.0
DC-008,奥美拉唑,MW,372.5,361.4230000000001,-11.076999999999884
DC-008,奥美拉唑,logP_est,1.2,2.5658400000000006,1.3658400000000006
DC-008,奥美拉唑,TPSA_est,119.8,94.17000000000002,-25.62999999999998
DC-008,奥美拉唑,nHBA,7.0,6,-1.0
DC-008,奥美拉唑,nRot,2.0,5,3.0
DC-008,奥美拉唑,nAromSystems,2.0,3,1.0
DC-009,咖啡因,MW,202.26,194.194,-8.066000000000003
DC-009,咖啡因,logP_est,-1.31,-1.0293,0.28069999999999995
DC-009,咖啡因,TPSA_est,90.4,61.82,-28.580000000000005
DC-009,咖啡因,nHBA,6.0,3,-3.0
DC-009,咖啡因,nAromSystems,1.0,2,1.0
DC-010,茶碱,MW,186.22,180.16699999999997,-6.053000000000026
DC-010,茶碱,logP_est,-1.58,-1.0397000000000005,0.5402999999999996
DC-010,茶碱,TPSA_est,91.9,72.68,-19.22
DC-010,茶碱,nHBA,6.0,3,-3.0
DC-010,茶碱,nAromSystems,1.0,2,1.0
DC-011,薄荷脑,MW,176.43,156.269,-20.161
DC-011,薄荷脑,logP_est,1.73,2.439500000000001,0.7095000000000011
DC-011,薄荷脑,TPSA_est,21.7,20.23,-1.4699999999999989
DC-012,樟脑,MW,168.36,152.237,-16.12300000000002
DC-012,樟脑,logP_est,1.73,2.401700000000001,0.6717000000000009
DC-012,樟脑,TPSA_est,20.2,17.07,-3.129999999999999
DC-013,柠檬烯,MW,152.37,136.238,-16.132000000000005
DC-013,柠檬烯,logP_est,2.15,3.308900000000002,1.1589000000000023
DC-014,苯海拉明,MW,256.37,255.36100000000002,-1.0089999999999861
DC-014,苯海拉明,TPSA_est,32.7,12.47,-20.230000000000004
DC-014,苯海拉明,nRot,4.0,6,2.0
DC-015,氯苯那敏,MW,275.82,273.807,-2.012999999999977
DC-015,氯苯那敏,logP_est,4.23,4.423600000000003,0.19360000000000266
DC-015,氯苯那敏,TPSA_est,12.5,3.24,-9.26
DC-015,氯苯那敏,nRot,3.0,5,2.0
DC-016,愈创甘油醚,MW,204.27,198.218,-6.052000000000021
DC-016,愈创甘油醚,logP_est,0.59,0.42719999999999986,-0.1628000000000001
DC-016,愈创甘油醚,TPSA_est,83.8,58.92,-24.879999999999995
DC-017,阿替洛尔,MW,280.45,266.34099999999995,-14.109000000000037
DC-017,阿替洛尔,logP_est,0.99,0.45210000000000006,-0.5378999999999999
DC-017,阿替洛尔,TPSA_est,90.1,84.57999999999998,-5.52000000000001
DC-017,阿替洛尔,nHBA,5.0,4,-1.0
DC-018,普萘洛尔,MW,266.4,259.34900000000005,-7.050999999999931
DC-018,普萘洛尔,logP_est,2.5,2.5775000000000006,0.07750000000000057
DC-018,普萘洛尔,TPSA_est,55.9,41.489999999999995,-14.410000000000004
DC-018,普萘洛尔,nAromSystems,1.0,2,1.0
DC-019,呋塞米,MW,331.75,330.749,-1.0009999999999764
DC-019,呋塞米,logP_est,0.48,1.8907,1.4107
DC-019,呋塞米,TPSA_est,130.5,122.63000000000001,-7.86999999999999
DC-019,呋塞米,nHBA,7.0,5,-2.0
DC-019,呋塞米,nRot,2.0,5,3.0
DC-020,别嘌醇,logP_est,-1.7,-0.35380000000000006,1.3461999999999998
DC-020,别嘌醇,TPSA_est,73.2,74.43,1.230000000000004
DC-020,别嘌醇,nHBA,5.0,3,-2.0
DC-020,别嘌醇,nAromSystems,1.0,2,1.0
DC-021,葡萄糖,MW,192.25,180.156,-12.093999999999994
DC-021,葡萄糖,logP_est,-1.45,-3.2214000000000005,-1.7714000000000005
DC-021,葡萄糖,TPSA_est,128.7,110.38000000000001,-18.31999999999998
DC-022,甘油,MW,100.16,92.09400000000001,-8.065999999999988
DC-022,甘油,logP_est,-1.0,-1.6681000000000001,-0.6681000000000001
DC-022,甘油,TPSA_est,65.1,60.69,-4.409999999999997
DC-023,尿素,MW,64.09,60.056,-4.034000000000006
DC-023,尿素,logP_est,-1.8,-0.9762,0.8238000000000001
DC-023,尿素,TPSA_est,48.2,69.11,20.909999999999997
DC-023,尿素,nHBA,3.0,1,-2.0
DC-024,烟酰胺,MW,120.11,122.12699999999997,2.0169999999999675
DC-024,烟酰胺,logP_est,-0.33,0.18050000000000016,0.5105000000000002
DC-024,烟酰胺,TPSA_est,46.7,55.980000000000004,9.280000000000001
DC-024,烟酰胺,nHBA,3.0,2,-1.0
DC-025,水杨酰胺,MW,136.13,137.13799999999998,1.0079999999999814
DC-025,水杨酰胺,logP_est,0.07,0.49110000000000004,0.42110000000000003
DC-025,水杨酰胺,TPSA_est,55.9,63.32000000000001,7.420000000000009
DC-025,水杨酰胺,nHBA,3.0,2,-1.0
DC-026,肉桂酸,MW,146.14,148.161,2.021000000000015
DC-026,肉桂酸,logP_est,1.16,1.7844,0.6244000000000001
DC-026,肉桂酸,TPSA_est,41.9,37.3,-4.600000000000001
DC-026,肉桂酸,nHBA,2.0,1,-1.0
DC-027,香草醛,MW,154.16,152.14899999999997,-2.011000000000024
DC-027,香草醛,logP_est,0.47,1.2132999999999998,0.7432999999999998
DC-027,香草醛,TPSA_est,62.1,46.53,-15.57
DC-028,丁香酚,MW,170.25,164.204,-6.045999999999992
DC-028,丁香酚,logP_est,1.43,2.1293,0.6993000000000003
DC-028,丁香酚,TPSA_est,41.9,29.46,-12.439999999999998
DC-029,香豆素,MW,140.1,146.14499999999998,6.0449999999999875
DC-029,香豆素,logP_est,1.16,1.793,0.633
DC-029,香豆素,TPSA_est,40.4,30.21,-10.189999999999998
DC-029,香豆素,nAromSystems,1.0,2,1.0
DC-030,麝香草酚,MW,144.26,136.194,-8.066000000000003
DC-030,麝香草酚,logP_est,1.58,2.3174600000000005,0.7374600000000004
DC-030,麝香草酚,TPSA_est,21.7,20.23,-1.4699999999999989
DC-031,氯霉素,MW,329.17,323.13199999999995,-6.038000000000068
DC-031,氯霉素,logP_est,0.34,0.9089999999999997,0.5689999999999997
DC-031,氯霉素,TPSA_est,132.0,112.70000000000002,-19.299999999999983
DC-031,氯霉素,nHBD,4.0,3,-1.0
DC-031,氯霉素,nHBA,6.0,5,-1.0
DC-031,氯霉素,nRot,7.0,6,-1.0
DC-032,甲氨蝶呤,MW,466.54,454.44700000000023,-12.09299999999979
DC-032,甲氨蝶呤,logP_est,-1.41,0.2684000000000012,1.6784000000000012
DC-032,甲氨蝶呤,TPSA_est,208.5,210.53999999999996,2.0399999999999636
DC-032,甲氨蝶呤,nHBA,13.0,10,-3.0
DC-032,甲氨蝶呤,nRot,7.0,9,2.0
DC-032,甲氨蝶呤,nAromSystems,2.0,3,1.0
DC-033,异烟肼,MW,136.13,137.142,1.0120000000000005
DC-033,异烟肼,logP_est,-0.88,-0.3149000000000006,0.5650999999999994
DC-033,异烟肼,TPSA_est,60.7,68.00999999999999,7.309999999999988
DC-033,异烟肼,nHBA,4.0,3,-1.0
DC-033,异烟肼,nRot,2.0,1,-1.0
DC-034,吡嗪酰胺,MW,122.11,123.11499999999998,1.0049999999999812
DC-034,吡嗪酰胺,logP_est,-1.15,-0.4245000000000001,0.7254999999999998
DC-034,吡嗪酰胺,TPSA_est,59.2,68.87,9.670000000000002
DC-034,吡嗪酰胺,nHBA,4.0,3,-1.0
DC-035,苯佐卡因,MW,168.22,165.19199999999998,-3.02800000000002
DC-035,苯佐卡因,logP_est,0.61,1.4455,0.8355
DC-035,苯佐卡因,TPSA_est,54.4,52.32,-2.0799999999999983
DC-035,苯佐卡因,nRot,3.0,2,-1.0
DC-036,利多卡因,MW,250.47,234.343,-16.12700000000001
DC-036,利多卡因,logP_est,1.83,2.5837400000000006,0.7537400000000005
DC-036,利多卡因,TPSA_est,46.7,32.34,-14.36
DC-036,利多卡因,nHBA,3.0,2,-1.0
DC-036,利多卡因,nRot,6.0,5,-1.0
DC-037,酮洛芬,MW,218.17,226.231,8.061000000000007
DC-037,酮洛芬,logP_est,2.21,2.615800000000001,0.40580000000000105
DC-037,酮洛芬,TPSA_est,62.1,54.37,-7.730000000000004
DC-037,酮洛芬,nHBA,3.0,2,-1.0
DC-037,酮洛芬,nRot,1.0,3,2.0
DC-038,萘普生,MW,248.32,244.29,-4.030000000000001
DC-038,萘普生,logP_est,2.36,3.111600000000001,0.7516000000000012
DC-038,萘普生,TPSA_est,62.1,46.53,-15.57
DC-038,萘普生,nHBA,3.0,2,-1.0
DC-038,萘普生,nAromSystems,1.0,2,1.0
DC-039,甲苯磺丁脲,MW,296.47,284.381,-12.089000000000055
DC-039,甲苯磺丁脲,logP_est,0.97,2.037,1.067
DC-039,甲苯磺丁脲,TPSA_est,88.6,75.27000000000001,-13.329999999999984
DC-039,甲苯磺丁脲,nHBA,5.0,3,-2.0
DC-039,甲苯磺丁脲,nRot,8.0,6,-2.0
DC-040,苯甲酸,MW,118.09,122.12299999999996,4.032999999999959
DC-040,苯甲酸,logP_est,0.62,1.3848,0.7648
DC-040,苯甲酸,TPSA_est,41.9,37.3,-4.600000000000001
DC-040,苯甲酸,nHBA,2.0,1,-1.0
NV-001,科罗索酸,MW,553.27,496.8200000000004,-56.44999999999959
NV-001,科罗索酸,logP_est,7.79,8.165900000000008,0.3759000000000077
NV-001,科罗索酸,TPSA_est,43.4,40.46,-2.9399999999999977
NV-002,马斯里酸,MW,525.13,474.7260000000002,-50.40399999999977
NV-002,马斯里酸,logP_est,5.87,6.572500000000007,0.7025000000000068
NV-002,马斯里酸,TPSA_est,85.3,77.76,-7.539999999999992
NV-002,马斯里酸,nHBA,4.0,3,-1.0
NV-003,积雪草酸,MW,525.08,476.6980000000002,-48.381999999999834
NV-003,积雪草酸,logP_est,5.18,5.297300000000006,0.1173000000000064
NV-003,积雪草酸,TPSA_est,107.0,97.99,-9.010000000000005
NV-003,积雪草酸,nHBA,5.0,4,-1.0
NV-004,羟基积雪草酸,MW,541.08,492.6970000000003,-48.382999999999754
NV-004,羟基积雪草酸,logP_est,4.76,4.268100000000003,-0.4918999999999967
NV-004,羟基积雪草酸,TPSA_est,128.7,118.22000000000001,-10.479999999999976
NV-004,羟基积雪草酸,nHBA,6.0,5,-1.0
NV-005,β-乳香酸,MW,360.75,328.49600000000004,-32.25399999999996
NV-005,β-乳香酸,logP_est,4.55,5.596300000000005,1.046300000000005
NV-005,β-乳香酸,TPSA_est,41.9,37.3,-4.600000000000001
NV-005,β-乳香酸,nHBA,2.0,1,-1.0
NV-006,去氢松香酸,MW,354.7,328.49600000000004,-26.20399999999995
NV-006,去氢松香酸,logP_est,4.67,5.541000000000005,0.8710000000000049
NV-006,去氢松香酸,TPSA_est,41.9,37.3,-4.600000000000001
NV-006,去氢松香酸,nHBA,2.0,1,-1.0
NV-007,五味子甲素,MW,396.7,372.5050000000001,-24.19499999999988
NV-007,五味子甲素,logP_est,4.22,5.149240000000005,0.9292400000000054
NV-007,五味子甲素,TPSA_est,80.8,36.92,-43.879999999999995
NV-007,五味子甲素,nRot,4.0,9,5.0
NV-008,戈米辛A,MW,472.79,416.4700000000002,-56.31999999999982
NV-008,戈米辛A,logP_est,4.19,3.602400000000003,-0.5875999999999975
NV-008,戈米辛A,TPSA_est,122.7,75.61000000000001,-47.08999999999999
NV-008,戈米辛A,nHBA,6.0,7,1.0
NV-009,松脂素,MW,308.42,358.39000000000004,49.97000000000003
NV-009,松脂素,logP_est,2.87,3.190200000000002,0.32020000000000204
NV-009,松脂素,TPSA_est,80.8,77.38000000000001,-3.4199999999999875
NV-009,松脂素,nHBD,0.0,2,2.0
NV-009,松脂素,nHBA,4.0,6,2.0
NV-009,松脂素,nRot,2.0,4,2.0
NV-010,落叶松脂素,MW,332.48,318.3690000000001,-14.110999999999933
NV-010,落叶松脂素,logP_est,2.45,2.0637,-0.3863000000000003
NV-010,落叶松脂素,TPSA_est,104.0,68.15,-35.849999999999994
NV-010,落叶松脂素,nAromSystems,2.0,1,-1.0
NV-011,奥贝胆酸,MW,465.03,418.6620000000002,-46.36799999999977
NV-011,奥贝胆酸,logP_est,5.48,6.389200000000007,0.9092000000000064
NV-011,奥贝胆酸,TPSA_est,63.6,57.53,-6.07
NV-011,奥贝胆酸,nHBA,3.0,2,-1.0
NV-012,灵芝酸A,MW,489.01,444.6560000000003,-44.3539999999997
NV-012,灵芝酸A,logP_est,5.33,6.288700000000007,0.9587000000000065
NV-012,灵芝酸A,TPSA_est,83.8,74.6,-9.200000000000003
NV-012,灵芝酸A,nHBA,4.0,3,-1.0
