compound_id,name_cn,name_en,category,source_herb,legacy_smiles,proposed_smiles,pubchem_cid,inchikey,source_url,retrieved_at,connectivity_match,formula_match,stereo_match,identity_status,identity_reviewer,identity_reviewed_at,legacy_label,label,label_status,endpoint,evidence_url,label_reviewer,label_reviewed_at,role,review_note
HP-001,槲皮素,quercetin,黄酮类,槐米/银杏叶,O=C1C(O)=C(c2cc(O)c(O)cc2)Oc2cc(O)cc(O)c12,C1=CC(=C(C=C1C2=C(C(=O)C3=C(C=C(C=C3O2)O)O)O)O)O,5280343,REFJWTPEDVJJIY-UHFFFAOYSA-N,https://pubchem.ncbi.nlm.nih.gov/compound/5280343,2026-09-05,True,True,True,pending_review,,,1,,unresolved,,,,,candidate,数据库建议结构已准备；需核实预期盐型、异构体与来源证据
HP-002,山奈酚,kaempferol,黄酮类,银杏叶/桑叶,O=C1C(O)=C(c2ccc(O)cc2)Oc2cc(O)cc(O)c12,C1=CC(=CC=C1C2=C(C(=O)C3=C(C=C(C=C3O2)O)O)O)O,5280863,IYRMWMYZSQPJKC-UHFFFAOYSA-N,https://pubchem.ncbi.nlm.nih.gov/compound/5280863,2026-09-05,True,True,True,pending_review,,,1,,unresolved,,,,,candidate,数据库建议结构已准备；需核实预期盐型、异构体与来源证据
HP-003,芦丁,rutin,黄酮苷类,槐米,O=C1C(O)=C(c2cc(O)c(O)cc2)Oc2cc(OC3OC(CO)C(O)C(O)C3OC4OC(C)C(O)C(O)C4O)cc(O)c12,C[C@H]1[C@@H]([C@H]([C@H]([C@@H](O1)OC[C@@H]2[C@H]([C@@H]([C@H]([C@@H](O2)OC3=C(OC4=CC(=CC(=C4C3=O)O)O)C5=CC(=C(C=C5)O)O)O)O)O)O)O)O,5280805,IKGXIBQEEMLURG-NVPNHPEKSA-N,https://pubchem.ncbi.nlm.nih.gov/compound/5280805,2026-09-05,False,True,False,pending_review,,,1,,unresolved,,,,,candidate,数据库建议结构已准备；需核实预期盐型、异构体与来源证据
HP-004,芹菜素,apigenin,黄酮类,菊花,O=C1C=C(c2ccc(O)cc2)Oc2cc(O)cc(O)c12,C1=CC(=CC=C1C2=CC(=O)C3=C(C=C(C=C3O2)O)O)O,5280443,KZNIFHPLKGYRTM-UHFFFAOYSA-N,https://pubchem.ncbi.nlm.nih.gov/compound/5280443,2026-09-05,True,True,True,pending_review,,,1,,unresolved,,,,,candidate,数据库建议结构已准备；需核实预期盐型、异构体与来源证据
HP-005,木犀草素,luteolin,黄酮类,金银花,O=C1C=C(c2cc(O)c(O)cc2)Oc2cc(O)cc(O)c12,C1=CC(=C(C=C1C2=CC(=O)C3=C(C=C(C=C3O2)O)O)O)O,5280445,IQPNAANSBPBGFQ-UHFFFAOYSA-N,https://pubchem.ncbi.nlm.nih.gov/compound/5280445,2026-09-05,True,True,True,pending_review,,,1,,unresolved,,,,,candidate,数据库建议结构已准备；需核实预期盐型、异构体与来源证据
HP-006,黄芩素,baicalein,黄酮类,黄芩,O=C1C=C(c2ccccc2)Oc2cc(O)c(O)cc12,C1=CC=C(C=C1)C2=CC(=O)C3=C(O2)C=C(C(=C3O)O)O,5281605,FXNFHKRTJBSTCS-UHFFFAOYSA-N,https://pubchem.ncbi.nlm.nih.gov/compound/5281605,2026-09-05,False,False,False,pending_review,,,1,,unresolved,,,,,candidate,数据库建议结构已准备；需核实预期盐型、异构体与来源证据
HP-007,黄芩苷,baicalin,黄酮苷类,黄芩,O=C1C=C(c2ccccc2)Oc2cc(OC3OC(C(=O)O)C(O)C(O)C3O)c(O)cc12,C1=CC=C(C=C1)C2=CC(=O)C3=C(C(=C(C=C3O2)O[C@H]4[C@@H]([C@H]([C@@H]([C@H](O4)C(=O)O)O)O)O)O)O,64982,IKIIZLYTISPENI-ZFORQUDYSA-N,https://pubchem.ncbi.nlm.nih.gov/compound/64982,2026-09-05,False,False,False,pending_review,,,1,,unresolved,,,,,candidate,数据库建议结构已准备；需核实预期盐型、异构体与来源证据
HP-008,汉黄芩素,wogonin,黄酮类,黄芩,O=C1C=C(c2ccccc2)Oc2cc(O)c(OC)cc12,COC1=C(C=C(C2=C1OC(=CC2=O)C3=CC=CC=C3)O)O,5281703,XLTFNNCXVBYBSX-UHFFFAOYSA-N,https://pubchem.ncbi.nlm.nih.gov/compound/5281703,2026-09-05,False,False,False,pending_review,,,1,,unresolved,,,,,candidate,数据库建议结构已准备；需核实预期盐型、异构体与来源证据
HP-009,柚皮素,naringenin,黄烷酮类,枳实/骨碎补,O=C1CC(c2ccc(O)cc2)Oc2cc(O)cc(O)c2C1,C1[C@H](OC2=CC(=CC(=C2C1=O)O)O)C3=CC=C(C=C3)O,439246,FTVWIRXFELQLPI-ZDUSSCGKSA-N,https://pubchem.ncbi.nlm.nih.gov/compound/439246,2026-09-05,False,False,False,pending_review,,,1,,unresolved,,,,,candidate,数据库建议结构已准备；需核实预期盐型、异构体与来源证据
HP-010,橙皮苷,hesperidin,黄酮苷类,陈皮,O=C1CC(c2ccc(OC)c(O)c2)Oc2cc(OC3OC(CO)C(O)C(O)C3OC4OC(C)C(O)C(O)C4O)cc(O)c2C1,C[C@H]1[C@@H]([C@H]([C@H]([C@@H](O1)OC[C@@H]2[C@H]([C@@H]([C@H]([C@@H](O2)OC3=CC(=C4C(=O)C[C@H](OC4=C3)C5=CC(=C(C=C5)OC)O)O)O)O)O)O)O)O,10621,QUQPHWDTPGMPEX-QJBIFVCTSA-N,https://pubchem.ncbi.nlm.nih.gov/compound/10621,2026-09-05,False,False,False,pending_review,,,1,,unresolved,,,,,candidate,数据库建议结构已准备；需核实预期盐型、异构体与来源证据
HP-011,染料木素,genistein,异黄酮类,槐角/葛根,O=C1C(c2ccc(O)cc2)=COc2cc(O)cc(O)c12,C1=CC(=CC=C1C2=COC3=CC(=CC(=C3C2=O)O)O)O,5280961,TZBJGXHYKVUXJN-UHFFFAOYSA-N,https://pubchem.ncbi.nlm.nih.gov/compound/5280961,2026-09-05,True,True,True,pending_review,,,1,,unresolved,,,,,candidate,数据库建议结构已准备；需核实预期盐型、异构体与来源证据
HP-012,大豆苷元,daidzein,异黄酮类,葛根,O=C1C(c2ccc(O)cc2)=COc2cc(O)ccc12,C1=CC(=CC=C1C2=COC3=C(C2=O)C=CC(=C3)O)O,5281708,ZQSIJRDFPHDXIC-UHFFFAOYSA-N,https://pubchem.ncbi.nlm.nih.gov/compound/5281708,2026-09-05,True,True,True,pending_review,,,1,,unresolved,,,,,candidate,数据库建议结构已准备；需核实预期盐型、异构体与来源证据
HP-013,葛根素,puerarin,异黄酮苷类,葛根,O=C1C(c2ccc(O)cc2)=COc2cc(O)c(C3OC(CO)C(O)C(O)C3O)cc12,C1=CC(=CC=C1C2=COC3=C(C2=O)C=CC(=C3[C@H]4[C@@H]([C@H]([C@@H]([C@H](O4)CO)O)O)O)O)O,5281807,HKEAFJYKMMKDOR-VPRICQMDSA-N,https://pubchem.ncbi.nlm.nih.gov/compound/5281807,2026-09-05,False,True,False,pending_review,,,1,,unresolved,,,,,candidate,数据库建议结构已准备；需核实预期盐型、异构体与来源证据
HP-014,二氢杨梅素,dihydromyricetin,黄酮醇类,显齿蛇葡萄(藤茶),C1=C(C=C(C(=C1O)O)O)[C@@H]2[C@H](C(=O)C3=C(C=C(C=C3O2)O)O)O,C1=C(C=C(C(=C1O)O)O)[C@@H]2[C@H](C(=O)C3=C(C=C(C=C3O2)O)O)O,161557,KJXSIXMJHKAJOD-LSDHHAIUSA-N,https://pubchem.ncbi.nlm.nih.gov/compound/161557,2026-09-05,True,True,True,pending_review,,,1,,unresolved,,,,,candidate,数据库建议结构已准备；需核实预期盐型、异构体与来源证据
HP-015,水飞蓟宾,silybin,黄酮木脂素类,水飞蓟,COc1cc(OCC2COc3cc(O)c(O)cc3C(O)C2O)ccc1O,COC1=C(C=CC(=C1)[C@@H]2[C@H](OC3=C(O2)C=C(C=C3)[C@@H]4[C@H](C(=O)C5=C(C=C(C=C5O4)O)O)O)CO)O,31553,SEBFKMXJBCUCAI-HKTJVKLFSA-N,https://pubchem.ncbi.nlm.nih.gov/compound/31553,2026-09-05,False,False,False,pending_review,,,1,,unresolved,,,,,candidate,数据库建议结构已准备；需核实预期盐型、异构体与来源证据
HP-016,姜黄素,curcumin,多酚类,姜黄,COC1=C(C=CC(=C1)/C=C/C(=O)CC(=O)/C=C/C2=CC(=C(C=C2)O)OC)O,COC1=C(C=CC(=C1)/C=C/C(=O)CC(=O)/C=C/C2=CC(=C(C=C2)O)OC)O,969516,VFLDPWHFBUODDF-FCXRPNKRSA-N,https://pubchem.ncbi.nlm.nih.gov/compound/969516,2026-09-05,True,True,True,pending_review,,,1,,unresolved,,,,,candidate,数据库建议结构已准备；需核实预期盐型、异构体与来源证据
HP-017,白藜芦醇,resveratrol,茋类,虎杖/葡萄,Oc1ccc(/C=C/c2cc(O)cc(O)c2)cc1,C1=CC(=CC=C1/C=C/C2=CC(=CC(=C2)O)O)O,445154,LUKBXSAWLPMMSZ-OWOJBTEDSA-N,https://pubchem.ncbi.nlm.nih.gov/compound/445154,2026-09-05,True,True,True,pending_review,,,1,,unresolved,,,,,candidate,数据库建议结构已准备；需核实预期盐型、异构体与来源证据
HP-018,虎杖苷,polydatin,茋苷类,虎杖,OC[C@H]1O[C@@H](Oc2cc(/C=C/c2ccc(O)cc2)cc(O)c2)[C@H](O)[C@@H](O)[C@@H]1O,C1=CC(=CC=C1/C=C/C2=CC(=CC(=C2)O[C@H]3[C@@H]([C@H]([C@@H]([C@H](O3)CO)O)O)O)O)O,5281718,HSTZMXCBWJGKHG-CUYWLFDKSA-N,https://pubchem.ncbi.nlm.nih.gov/compound/5281718,2026-09-05,False,True,False,pending_review,,,1,,unresolved,,,,,candidate,数据库建议结构已准备；需核实预期盐型、异构体与来源证据
HP-019,红景天苷,salidroside,苯乙醇苷类,红景天,OC[C@H]1O[C@@H](OCCc2ccc(O)cc2)[C@H](O)[C@@H](O)[C@@H]1O,C1=CC(=CC=C1CCO[C@H]2[C@@H]([C@H]([C@@H]([C@H](O2)CO)O)O)O)O,159278,ILRCGYURZSFMEG-RKQHYHRCSA-N,https://pubchem.ncbi.nlm.nih.gov/compound/159278,2026-09-05,True,True,True,pending_review,,,1,,unresolved,,,,,candidate,数据库建议结构已准备；需核实预期盐型、异构体与来源证据
HP-020,绿原酸,chlorogenic acid,有机酸类,金银花/杜仲,O=C(O)[C@@H]1O[C@@H](O)[C@H](O)[C@H](O)[C@H]1Oc1cc(O)c(O)cc1,C1[C@H]([C@H]([C@@H](C[C@@]1(C(=O)O)O)OC(=O)/C=C/C2=CC(=C(C=C2)O)O)O)O,1794427,CWVRJTMFETXNAD-JUHZACGLSA-N,https://pubchem.ncbi.nlm.nih.gov/compound/1794427,2026-09-05,False,False,False,pending_review,,,1,,unresolved,,,,,candidate,数据库建议结构已准备；需核实预期盐型、异构体与来源证据
HP-021,没食子酸,gallic acid,有机酸类,五倍子/山茱萸,O=C(O)c1cc(O)c(O)c(O)c1,C1=C(C=C(C(=C1O)O)O)C(=O)O,370,LNTHITQWFMADLM-UHFFFAOYSA-N,https://pubchem.ncbi.nlm.nih.gov/compound/370,2026-09-05,True,True,True,pending_review,,,1,,unresolved,,,,,candidate,数据库建议结构已准备；需核实预期盐型、异构体与来源证据
HP-022,原儿茶酸,protocatechuic acid,有机酸类,丹参,O=C(O)c1cc(O)cc(O)c1,C1=CC(=C(C=C1C(=O)O)O)O,72,YQUVCSBJEUQKSH-UHFFFAOYSA-N,https://pubchem.ncbi.nlm.nih.gov/compound/72,2026-09-05,False,True,False,pending_review,,,1,,unresolved,,,,,candidate,数据库建议结构已准备；需核实预期盐型、异构体与来源证据
HP-023,咖啡酸,caffeic acid,有机酸类,金银花,O=C(O)/C=C/c1ccc(O)c(O)c1,C1=CC(=C(C=C1/C=C/C(=O)O)O)O,689043,QAIPRVGONGVQAS-DUXPYHPUSA-N,https://pubchem.ncbi.nlm.nih.gov/compound/689043,2026-09-05,True,True,True,pending_review,,,1,,unresolved,,,,,candidate,数据库建议结构已准备；需核实预期盐型、异构体与来源证据
HP-024,阿魏酸,ferulic acid,有机酸类,当归/川芎,COc1cc(/C=C/C(=O)O)ccc1O,COC1=C(C=CC(=C1)/C=C/C(=O)O)O,445858,KSEBMYQBYZTDHS-HWKANZROSA-N,https://pubchem.ncbi.nlm.nih.gov/compound/445858,2026-09-05,True,True,True,pending_review,,,1,,unresolved,,,,,candidate,数据库建议结构已准备；需核实预期盐型、异构体与来源证据
HP-025,厚朴酚,magnolol,木脂素类,厚朴,Cc1cccc(O)c1Cc1cccc(O)c1C,C=CCC1=CC(=C(C=C1)O)C2=C(C=CC(=C2)CC=C)O,72300,VVOAZFWZEDHOOU-UHFFFAOYSA-N,https://pubchem.ncbi.nlm.nih.gov/compound/72300,2026-09-05,False,False,False,pending_review,,,1,,unresolved,,,,,candidate,数据库建议结构已准备；需核实预期盐型、异构体与来源证据
HP-026,和厚朴酚,honokiol,木脂素类,厚朴,Cc1cccc(O)c1Cc1cc(CC)ccc1O,C=CCC1=CC(=C(C=C1)O)C2=CC(=C(C=C2)O)CC=C,72303,FVYXIJYOAGAUQK-UHFFFAOYSA-N,https://pubchem.ncbi.nlm.nih.gov/compound/72303,2026-09-05,False,False,False,pending_review,,,1,,unresolved,,,,,candidate,数据库建议结构已准备；需核实预期盐型、异构体与来源证据
HP-027,五味子乙素,schisandrin B,木脂素类,五味子,COc1cc(C)c(C)c(Cc2cc(OC)c(C)c(CO)c2C)c1OC,CC1CC2=CC3=C(C(=C2C4=C(C(=C(C=C4CC1C)OC)OC)OC)OC)OCO3,108130,RTZKSTLPRTWFEV-UHFFFAOYSA-N,https://pubchem.ncbi.nlm.nih.gov/compound/108130,2026-09-05,False,False,False,pending_review,,,1,,unresolved,,,,,candidate,数据库建议结构已准备；需核实预期盐型、异构体与来源证据
HP-028,牛蒡苷元,arctigenin,木脂素类,牛蒡子,COc1cc(CC2C(=O)OC2c2ccc(O)c(OC)c2)ccc1OC,COC1=C(C=C(C=C1)C[C@H]2COC(=O)[C@@H]2CC3=CC(=C(C=C3)O)OC)OC,64981,NQWVSMVXKMHKTF-JKSUJKDBSA-N,https://pubchem.ncbi.nlm.nih.gov/compound/64981,2026-09-05,False,False,False,pending_review,,,1,,unresolved,,,,,candidate,数据库建议结构已准备；需核实预期盐型、异构体与来源证据
HP-029,牛蒡苷,arctiin,木脂素苷类,牛蒡子,OC[C@H]1O[C@@H](Oc2cc(CC3C(=O)OC3c3ccc(O)c(OC)c3)ccc2OC)[C@H](O)[C@@H](O)[C@@H]1O,COC1=C(C=C(C=C1)C[C@H]2COC(=O)[C@@H]2CC3=CC(=C(C=C3)O[C@H]4[C@@H]([C@H]([C@@H]([C@H](O4)CO)O)O)O)OC)OC,100528,XOJVHLIYNSOZOO-SWOBOCGESA-N,https://pubchem.ncbi.nlm.nih.gov/compound/100528,2026-09-05,False,False,False,pending_review,,,1,,unresolved,,,,,candidate,数据库建议结构已准备；需核实预期盐型、异构体与来源证据
HP-030,开环异落叶松脂素,secoisolariciresinol,木脂素类,五味子/亚麻籽,COC1=C(C=CC(=C1)C[C@@H](CO)[C@@H](CC2=CC(=C(C=C2)O)OC)CO)O,COC1=C(C=CC(=C1)C[C@@H](CO)[C@@H](CC2=CC(=C(C=C2)O)OC)CO)O,65373,PUETUDUXMCLALY-HOTGVXAUSA-N,https://pubchem.ncbi.nlm.nih.gov/compound/65373,2026-09-05,True,True,True,pending_review,,,1,,unresolved,,,,,candidate,数据库建议结构已准备；需核实预期盐型、异构体与来源证据
HP-031,大黄素,emodin,蒽醌类,大黄/何首乌,CC1=CC2=C(C=C1O)C(=O)C3=C(C2=O)C=CC(C)=C3O,CC1=CC2=C(C(=C1)O)C(=O)C3=C(C2=O)C=C(C=C3O)O,3220,RHMXXJGYXNZAPX-UHFFFAOYSA-N,https://pubchem.ncbi.nlm.nih.gov/compound/3220,2026-09-05,False,False,False,pending_review,,,1,,unresolved,,,,,candidate,数据库建议结构已准备；需核实预期盐型、异构体与来源证据
HP-032,大黄酸,rhein,蒽醌类,大黄,O=C(O)c1cc(O)c2c(c1)C(=O)c1cc(O)ccc1C2=O,C1=CC2=C(C(=C1)O)C(=O)C3=C(C2=O)C=C(C=C3O)C(=O)O,10168,FCDLCPWAQCPTKC-UHFFFAOYSA-N,https://pubchem.ncbi.nlm.nih.gov/compound/10168,2026-09-05,False,True,False,pending_review,,,1,,unresolved,,,,,candidate,数据库建议结构已准备；需核实预期盐型、异构体与来源证据
HP-033,芦荟大黄素,aloe-emodin,蒽醌类,大黄/芦荟,OCC1=CC=C2C(=C1)C(=O)c1cc(O)ccc1C2=O,C1=CC2=C(C(=C1)O)C(=O)C3=C(C2=O)C=C(C=C3O)CO,10207,YDQWDHRMZQUTBA-UHFFFAOYSA-N,https://pubchem.ncbi.nlm.nih.gov/compound/10207,2026-09-05,False,False,False,pending_review,,,1,,unresolved,,,,,candidate,数据库建议结构已准备；需核实预期盐型、异构体与来源证据
HP-034,大黄素甲醚,physcion,蒽醌类,决明子/大黄,COc1cc(O)c2c(c1)C(=O)c1cc(OC)c(C)cc1C2=O,CC1=CC2=C(C(=C1)O)C(=O)C3=C(C2=O)C=C(C=C3O)OC,10639,FFWOKTFYGVYKIR-UHFFFAOYSA-N,https://pubchem.ncbi.nlm.nih.gov/compound/10639,2026-09-05,False,False,False,pending_review,,,1,,unresolved,,,,,candidate,数据库建议结构已准备；需核实预期盐型、异构体与来源证据
HP-035,栀子苷,geniposide,环烯醚萜苷类,栀子,COC(=O)C1=COC(OC2OC(CO)C(O)C(O)C2O)=C(CO)C1,COC(=O)C1=CO[C@H]([C@H]2[C@@H]1CC=C2CO)O[C@H]3[C@@H]([C@H]([C@@H]([C@H](O3)CO)O)O)O,107848,IBFYXTRXDNAPMM-BVTMAQQCSA-N,https://pubchem.ncbi.nlm.nih.gov/compound/107848,2026-09-05,False,False,False,pending_review,,,1,,unresolved,,,,,candidate,数据库建议结构已准备；需核实预期盐型、异构体与来源证据
HP-036,龙胆苦苷,gentiopicroside,环烯醚萜苷类,龙胆/秦艽,CC1=C(CO)C=C(OCC2OC(CO)C(O)C(O)C2O)C(=O)O1,C=C[C@H]1[C@@H](OC=C2C1=CCOC2=O)O[C@H]3[C@@H]([C@H]([C@@H]([C@H](O3)CO)O)O)O,88708,DUAGQYUORDTXOR-GPQRQXLASA-N,https://pubchem.ncbi.nlm.nih.gov/compound/88708,2026-09-05,False,False,False,pending_review,,,1,,unresolved,,,,,candidate,数据库建议结构已准备；需核实预期盐型、异构体与来源证据
HP-037,桃叶珊瑚苷,aucubin,环烯醚萜苷类,车前草,O=C1OC(CO)=C[C@@H](O)[C@@H]1O[C@@H]1O[C@H](CO)[C@@H](O)[C@H](O)[C@H]1O,C1=CO[C@H]([C@H]2[C@@H]1[C@@H](C=C2CO)O)O[C@H]3[C@@H]([C@H]([C@@H]([C@H](O3)CO)O)O)O,91458,RJWJHRPNHPHBRN-FKVJWERZSA-N,https://pubchem.ncbi.nlm.nih.gov/compound/91458,2026-09-05,False,False,False,pending_review,,,1,,unresolved,,,,,candidate,数据库建议结构已准备；需核实预期盐型、异构体与来源证据
HP-038,甘草次酸,glycyrrhetinic acid,三萜类,甘草(体内代谢物),CC1(C)CCC2(C1)CCC3(C2)CC(=O)CC4(C3)CCC(C)C5(C4)CCC(O)C(C)(C)C5C(=O)O,C[C@]12CC[C@](C[C@H]1C3=CC(=O)[C@@H]4[C@]5(CC[C@@H](C([C@@H]5CC[C@]4([C@@]3(CC2)C)C)(C)C)O)C)(C)C(=O)O,10114,MPDGHEJMBKOTSU-YKLVYJNSSA-N,https://pubchem.ncbi.nlm.nih.gov/compound/10114,2026-09-05,False,False,False,pending_review,,,1,,unresolved,,,,,candidate,数据库建议结构已准备；需核实预期盐型、异构体与来源证据
HP-039,甘草酸,glycyrrhizin,三萜皂苷类,甘草,CC1(C)CCC2(C1)CCC3(C2)CC(=O)CC4(C3)CCC(C)C5(C4)CCC(OC6OC(C(=O)O)C(O)C(O)C6OC6OC(C(=O)O)C(O)C(O)C6O)C(C)(C)C5C(=O)O,C[C@]12CC[C@](C[C@H]1C3=CC(=O)[C@@H]4[C@]5(CC[C@@H](C([C@@H]5CC[C@]4([C@@]3(CC2)C)C)(C)C)O[C@@H]6[C@@H]([C@H]([C@@H]([C@H](O6)C(=O)O)O)O)O[C@H]7[C@@H]([C@H]([C@@H]([C@H](O7)C(=O)O)O)O)O)C)(C)C(=O)O,14982,LPLVUJXQOOQHMX-QWBHMCJMSA-N,https://pubchem.ncbi.nlm.nih.gov/compound/14982,2026-09-05,False,False,False,pending_review,,,1,,unresolved,,,,,candidate,数据库建议结构已准备；需核实预期盐型、异构体与来源证据
HP-040,齐墩果酸,oleanolic acid,三萜类,女贞子,CC1(C)CCC2(C1)CCC3(C2)CCCC4(C3)CCC(C)C5(C4)CCC(O)C(C)(C)C5C(=O)O,C[C@]12CC[C@@H](C([C@@H]1CC[C@@]3([C@@H]2CC=C4[C@]3(CC[C@@]5([C@H]4CC(CC5)(C)C)C(=O)O)C)C)(C)C)O,10494,MIJYXULNPSFWEK-GTOFXWBISA-N,https://pubchem.ncbi.nlm.nih.gov/compound/10494,2026-09-05,False,False,False,pending_review,,,1,,unresolved,,,,,candidate,数据库建议结构已准备；需核实预期盐型、异构体与来源证据
HP-041,熊果酸,ursolic acid,三萜类,山楂/陆英,CC1(C)CCC2(C1)CCC3(C2)CCCC4(C3)CCC(C)C5(C4)CCC(O)C(C)C5(C)C(=O)O,C[C@@H]1CC[C@@]2(CC[C@@]3(C(=CC[C@H]4[C@]3(CC[C@@H]5[C@@]4(CC[C@@H](C5(C)C)O)C)C)[C@@H]2[C@H]1C)C)C(=O)O,64945,WCGUUGGRBIKTOS-GPOJBZKASA-N,https://pubchem.ncbi.nlm.nih.gov/compound/64945,2026-09-05,False,False,False,pending_review,,,1,,unresolved,,,,,candidate,数据库建议结构已准备；需核实预期盐型、异构体与来源证据
HP-042,穿心莲内酯,andrographolide,二萜内酯类,穿心莲,CC(C)C1CCC2(CO)C1=CC(=O)C(O)C=C2,C[C@@]12CC[C@H]([C@@]([C@H]1CCC(=C)[C@H]2C/C=C/3\[C@@H](COC3=O)O)(C)CO)O,5318517,BOJKULTULYSRAS-OTESTREVSA-N,https://pubchem.ncbi.nlm.nih.gov/compound/5318517,2026-09-05,False,False,False,pending_review,,,1,,unresolved,,,,,candidate,数据库建议结构已准备；需核实预期盐型、异构体与来源证据
HP-043,小檗碱,berberine,生物碱类,黄连/黄柏,COc1ccc2c(c1OC)CC[n+]3c1cc(OC)c(OC)cc1cc2c3,COC1=C(C2=C[N+]3=C(C=C2C=C1)C4=CC5=C(C=C4CC3)OCO5)OC,2353,YBHILYKTIRIUTE-UHFFFAOYSA-N,https://pubchem.ncbi.nlm.nih.gov/compound/2353,2026-09-05,False,False,False,pending_review,,,1,,unresolved,,,,,candidate,数据库建议结构已准备；需核实预期盐型、异构体与来源证据
HP-044,苦参碱,matrine,生物碱类,苦参,O=C1N2CCCCC2CC2CCCN12,C1C[C@@H]2[C@H]3CCCN4[C@H]3[C@@H](CCC4)CN2C(=O)C1,91466,ZSBXGIUJOOQZMP-JLNYLFASSA-N,https://pubchem.ncbi.nlm.nih.gov/compound/91466,2026-09-05,False,False,False,pending_review,,,1,,unresolved,,,,,candidate,数据库建议结构已准备；需核实预期盐型、异构体与来源证据
HP-045,伞形花内酯,umbelliferone,香豆素类,茵陈,O=C1Oc2ccc(O)cc2C=C1,C1=CC(=CC2=C1C=CC(=O)O2)O,5281426,ORHBXUUXSCNDEV-UHFFFAOYSA-N,https://pubchem.ncbi.nlm.nih.gov/compound/5281426,2026-09-05,False,True,False,pending_review,,,1,,unresolved,,,,,candidate,数据库建议结构已准备；需核实预期盐型、异构体与来源证据
HP-046,滨蒿内酯,scoparone,香豆素类,茵陈,COc1cc2C=CC(=O)Oc2cc1OC,COC1=C(C=C2C(=C1)C=CC(=O)O2)OC,8417,GUAFOGOEJLSQBT-UHFFFAOYSA-N,https://pubchem.ncbi.nlm.nih.gov/compound/8417,2026-09-05,True,True,True,pending_review,,,1,,unresolved,,,,,candidate,数据库建议结构已准备；需核实预期盐型、异构体与来源证据
HP-047,东莨菪素,scopoletin,香豆素类,东莨菪/桑白皮,COc1cc2C=CC(=O)Oc2cc1O,COC1=C(C=C2C(=C1)C=CC(=O)O2)O,5280460,RODXRVNMMDRFIK-UHFFFAOYSA-N,https://pubchem.ncbi.nlm.nih.gov/compound/5280460,2026-09-05,True,True,True,pending_review,,,1,,unresolved,,,,,candidate,数据库建议结构已准备；需核实预期盐型、异构体与来源证据
HP-048,丹参酮IIA,tanshinone IIA,二萜醌类,丹参,Cc1c(C)c2c(=O)c3ccccc3oc2c1=O,CC1=COC2=C1C(=O)C(=O)C3=C2C=CC4=C3CCCC4(C)C,164676,HYXITZLLTYIPOF-UHFFFAOYSA-N,https://pubchem.ncbi.nlm.nih.gov/compound/164676,2026-09-05,False,False,False,pending_review,,,1,,unresolved,,,,,candidate,数据库建议结构已准备；需核实预期盐型、异构体与来源证据
DC-001,对乙酰氨基酚,acetaminophen,非活性参照(西药),-,CC(=O)Nc1ccc(O)cc1,CC(=O)NC1=CC=C(C=C1)O,1983,RZVAJINKPMORJF-UHFFFAOYSA-N,https://pubchem.ncbi.nlm.nih.gov/compound/1983,2026-09-05,True,True,True,pending_review,,,0,,unresolved,,,,,candidate,数据库建议结构已准备；需核实预期盐型、异构体与来源证据
DC-002,阿司匹林,aspirin,非活性参照(西药),-,CC(=O)Oc1ccccc1C(=O)O,CC(=O)OC1=CC=CC=C1C(=O)O,2244,BSYNRYMUTXBXSQ-UHFFFAOYSA-N,https://pubchem.ncbi.nlm.nih.gov/compound/2244,2026-09-05,True,True,True,pending_review,,,0,,unresolved,,,,,candidate,数据库建议结构已准备；需核实预期盐型、异构体与来源证据
DC-003,布洛芬,ibuprofen,非活性参照(西药),-,CC(C)Cc1ccc(C(C)C(=O)O)cc1,CC(C)CC1=CC=C(C=C1)C(C)C(=O)O,3672,HEFNNWSXXWATRW-UHFFFAOYSA-N,https://pubchem.ncbi.nlm.nih.gov/compound/3672,2026-09-05,True,True,True,pending_review,,,0,,unresolved,,,,,candidate,数据库建议结构已准备；需核实预期盐型、异构体与来源证据
DC-004,双氯芬酸,diclofenac,非活性参照(西药),-,O=C(O)Cc1ccccc1Nc1c(Cl)cccc1Cl,C1=CC=C(C(=C1)CC(=O)O)NC2=C(C=CC=C2Cl)Cl,3033,DCOPUUMXTXDBNB-UHFFFAOYSA-N,https://pubchem.ncbi.nlm.nih.gov/compound/3033,2026-09-05,True,True,True,pending_review,,,0,,unresolved,,,,,candidate,数据库建议结构已准备；需核实预期盐型、异构体与来源证据
DC-005,丙戊酸钠,valproic acid,非活性参照(西药),-,CCCC(CCC)CC(=O)O,CCCC(CCC)C(=O)O,3121,NIJJYAXOARWZEE-UHFFFAOYSA-N,https://pubchem.ncbi.nlm.nih.gov/compound/3121,2026-09-05,False,False,False,pending_review,,,0,,unresolved,,,,,candidate,数据库建议结构已准备；需核实预期盐型、异构体与来源证据
DC-006,二甲双胍,metformin,非活性参照(西药),-,CN(C)C(=N)N=C(N)N,CN(C)C(=N)N=C(N)N,4091,XZWYZXLIPXDOLR-UHFFFAOYSA-N,https://pubchem.ncbi.nlm.nih.gov/compound/4091,2026-09-05,True,True,True,pending_review,,,0,,unresolved,,,,,candidate,数据库建议结构已准备；需核实预期盐型、异构体与来源证据
DC-007,华法林,warfarin,非活性参照(西药),-,CC(=O)CC(c1ccccc1)c1c(O)c2ccccc2oc1=O,CC(=O)CC(C1=CC=CC=C1)C2=C(C3=CC=CC=C3OC2=O)O,54678486,PJVWKTKQMONHTI-UHFFFAOYSA-N,https://pubchem.ncbi.nlm.nih.gov/compound/54678486,2026-09-05,True,True,True,pending_review,,,0,,unresolved,,,,,candidate,数据库建议结构已准备；需核实预期盐型、异构体与来源证据
DC-008,奥美拉唑,omeprazole,非活性参照(西药),-,COc1ccc2[nH]c(S(=O)(=O)Cc3ncc(C)c(OC)c3C)nc2c1,CC1=CN=C(C(=C1OC)C)CS(=O)C2=NC3=C(N2)C=C(C=C3)OC,4594,SUBDBMMJDZJVOS-UHFFFAOYSA-N,https://pubchem.ncbi.nlm.nih.gov/compound/4594,2026-09-05,False,False,False,pending_review,,,0,,unresolved,,,,,candidate,数据库建议结构已准备；需核实预期盐型、异构体与来源证据
DC-009,咖啡因,caffeine,非活性参照(小分子),-,Cn1c(=O)c2c(ncn2C)n(C)c1=O,CN1C=NC2=C1C(=O)N(C(=O)N2C)C,2519,RYYVLZVUVIJVGH-UHFFFAOYSA-N,https://pubchem.ncbi.nlm.nih.gov/compound/2519,2026-09-05,True,True,True,pending_review,,,0,,unresolved,,,,,candidate,数据库建议结构已准备；需核实预期盐型、异构体与来源证据
DC-010,茶碱,theophylline,非活性参照(小分子),-,Cn1c(=O)c2[nH]cnc2n(C)c1=O,CN1C2=C(C(=O)N(C1=O)C)NC=N2,2153,ZFXYFBGIUFBOJW-UHFFFAOYSA-N,https://pubchem.ncbi.nlm.nih.gov/compound/2153,2026-09-05,True,True,True,pending_review,,,0,,unresolved,,,,,candidate,数据库建议结构已准备；需核实预期盐型、异构体与来源证据
DC-011,薄荷脑,menthol,非活性参照(单萜),-,CC(C)C1CCC(C)CC1O,CC1CCC(C(C1)O)C(C)C,1254,NOOLISFMXDJSKH-UHFFFAOYSA-N,https://pubchem.ncbi.nlm.nih.gov/compound/1254,2026-09-05,True,True,True,pending_review,,,0,,unresolved,,,,,candidate,数据库建议结构已准备；需核实预期盐型、异构体与来源证据
DC-012,樟脑,camphor,非活性参照(单萜),-,CC1(C)C2CCC1(C)C(=O)C2,CC1(C2CCC1(C(=O)C2)C)C,2537,DSSYKIVIOFKYAU-UHFFFAOYSA-N,https://pubchem.ncbi.nlm.nih.gov/compound/2537,2026-09-05,True,True,True,pending_review,,,0,,unresolved,,,,,candidate,数据库建议结构已准备；需核实预期盐型、异构体与来源证据
DC-013,柠檬烯,limonene,非活性参照(单萜),-,CC1=CCC(CC1)C(=C)C,CC1=CCC(CC1)C(=C)C,22311,XMGQYMWWDOXHJM-UHFFFAOYSA-N,https://pubchem.ncbi.nlm.nih.gov/compound/22311,2026-09-05,True,True,True,pending_review,,,0,,unresolved,,,,,candidate,数据库建议结构已准备；需核实预期盐型、异构体与来源证据
DC-014,苯海拉明,diphenhydramine,非活性参照(西药),-,CN(C)CCOC(c1ccccc1)c1ccccc1,CN(C)CCOC(C1=CC=CC=C1)C2=CC=CC=C2,3100,ZZVUWRFHKOJYTH-UHFFFAOYSA-N,https://pubchem.ncbi.nlm.nih.gov/compound/3100,2026-09-05,True,True,True,pending_review,,,0,,unresolved,,,,,candidate,数据库建议结构已准备；需核实预期盐型、异构体与来源证据
DC-015,氯苯那敏,chlorpheniramine,非活性参照(西药),-,Clc1ccc(C(CCN(C)C)c2ccccc2)cc1,CN(C)CCC(C1=CC=C(C=C1)Cl)C2=CC=CC=N2,2725,SOYKEARSMXGVTM-UHFFFAOYSA-N,https://pubchem.ncbi.nlm.nih.gov/compound/2725,2026-09-05,False,False,False,pending_review,,,0,,unresolved,,,,,candidate,数据库建议结构已准备；需核实预期盐型、异构体与来源证据
DC-016,愈创甘油醚,guaifenesin,非活性参照(西药),-,COc1cccc(OCC(O)CO)c1,COC1=CC=CC=C1OCC(CO)O,3516,HSRJKNPTNIJEKV-UHFFFAOYSA-N,https://pubchem.ncbi.nlm.nih.gov/compound/3516,2026-09-05,False,True,False,pending_review,,,0,,unresolved,,,,,candidate,数据库建议结构已准备；需核实预期盐型、异构体与来源证据
DC-017,阿替洛尔,atenolol,非活性参照(西药),-,CC(C)NCC(O)COc1ccc(CC(N)=O)cc1,CC(C)NCC(COC1=CC=C(C=C1)CC(=O)N)O,2249,METKIMKYRPQLGS-UHFFFAOYSA-N,https://pubchem.ncbi.nlm.nih.gov/compound/2249,2026-09-05,True,True,True,pending_review,,,0,,unresolved,,,,,candidate,数据库建议结构已准备；需核实预期盐型、异构体与来源证据
DC-018,普萘洛尔,propranolol,非活性参照(西药),-,CC(C)NCC(O)COc1cccc2ccccc12,CC(C)NCC(COC1=CC=CC2=CC=CC=C21)O,4946,AQHHHDLHHXJYJD-UHFFFAOYSA-N,https://pubchem.ncbi.nlm.nih.gov/compound/4946,2026-09-05,True,True,True,pending_review,,,0,,unresolved,,,,,candidate,数据库建议结构已准备；需核实预期盐型、异构体与来源证据
DC-019,呋塞米,furosemide,非活性参照(西药),-,NS(=O)(=O)c1cc(C(=O)O)c(NCc2ccco2)cc1Cl,C1=COC(=C1)CNC2=CC(=C(C=C2C(=O)O)S(=O)(=O)N)Cl,3440,ZZUFCTLCJUWOSV-UHFFFAOYSA-N,https://pubchem.ncbi.nlm.nih.gov/compound/3440,2026-09-05,True,True,True,pending_review,,,0,,unresolved,,,,,candidate,数据库建议结构已准备；需核实预期盐型、异构体与来源证据
DC-020,别嘌醇,allopurinol,非活性参照(西药),-,O=c1[nH]cnc2[nH]cnc12,C1=NNC2=C1C(=O)NC=N2,135401907,OFCNXPDARWKPPY-UHFFFAOYSA-N,https://pubchem.ncbi.nlm.nih.gov/compound/135401907,2026-09-05,False,True,False,pending_review,,,0,,unresolved,,,,,candidate,数据库建议结构已准备；需核实预期盐型、异构体与来源证据
DC-021,葡萄糖,glucose,非活性参照(小分子),-,OC[C@H]1O[C@@H](O)[C@H](O)[C@H](O)[C@H]1O,C([C@@H]1[C@H]([C@@H]([C@H](C(O1)O)O)O)O)O,5793,WQZGKKKJIJFFOK-GASJEMHNSA-N,https://pubchem.ncbi.nlm.nih.gov/compound/5793,2026-09-05,True,True,False,pending_review,,,0,,unresolved,,,,,candidate,数据库建议结构已准备；需核实预期盐型、异构体与来源证据
DC-022,甘油,glycerol,非活性参照(小分子),-,OCC(O)CO,C(C(CO)O)O,753,PEDCQBHIVMGVHV-UHFFFAOYSA-N,https://pubchem.ncbi.nlm.nih.gov/compound/753,2026-09-05,True,True,True,pending_review,,,0,,unresolved,,,,,candidate,数据库建议结构已准备；需核实预期盐型、异构体与来源证据
DC-023,尿素,urea,非活性参照(小分子),-,NC(=O)N,C(=O)(N)N,1176,XSQUKJJJFZCRTK-UHFFFAOYSA-N,https://pubchem.ncbi.nlm.nih.gov/compound/1176,2026-09-05,True,True,True,pending_review,,,0,,unresolved,,,,,candidate,数据库建议结构已准备；需核实预期盐型、异构体与来源证据
DC-024,烟酰胺,nicotinamide,非活性参照(小分子),-,NC(=O)c1cccnc1,C1=CC(=CN=C1)C(=O)N,936,DFPAKSUCGFBDDF-UHFFFAOYSA-N,https://pubchem.ncbi.nlm.nih.gov/compound/936,2026-09-05,True,True,True,pending_review,,,0,,unresolved,,,,,candidate,数据库建议结构已准备；需核实预期盐型、异构体与来源证据
DC-025,水杨酰胺,salicylamide,非活性参照(小分子),-,NC(=O)c1ccccc1O,C1=CC=C(C(=C1)C(=O)N)O,5147,SKZKKFZAGNVIMN-UHFFFAOYSA-N,https://pubchem.ncbi.nlm.nih.gov/compound/5147,2026-09-05,True,True,True,pending_review,,,0,,unresolved,,,,,candidate,数据库建议结构已准备；需核实预期盐型、异构体与来源证据
DC-026,肉桂酸,cinnamic acid,非活性参照(小分子),-,O=C(O)C=Cc1ccccc1,C1=CC=C(C=C1)/C=C/C(=O)O,444539,WBYWAXJHAXSJNI-VOTSOKGWSA-N,https://pubchem.ncbi.nlm.nih.gov/compound/444539,2026-09-05,True,True,False,pending_review,,,0,,unresolved,,,,,candidate,数据库建议结构已准备；需核实预期盐型、异构体与来源证据
DC-027,香草醛,vanillin,非活性参照(小分子),-,COc1cc(C=O)ccc1O,COC1=C(C=CC(=C1)C=O)O,1183,MWOOGOJBHIARFG-UHFFFAOYSA-N,https://pubchem.ncbi.nlm.nih.gov/compound/1183,2026-09-05,True,True,True,pending_review,,,0,,unresolved,,,,,candidate,数据库建议结构已准备；需核实预期盐型、异构体与来源证据
DC-028,丁香酚,eugenol,非活性参照(小分子),-,COc1cc(CC=C)ccc1O,COC1=C(C=CC(=C1)CC=C)O,3314,RRAFCDWBNXTKKO-UHFFFAOYSA-N,https://pubchem.ncbi.nlm.nih.gov/compound/3314,2026-09-05,True,True,True,pending_review,,,0,,unresolved,,,,,candidate,数据库建议结构已准备；需核实预期盐型、异构体与来源证据
DC-029,香豆素,coumarin,非活性参照(小分子),-,O=c1oc2ccccc2cc1,C1=CC=C2C(=C1)C=CC(=O)O2,323,ZYGHJZDHTFUPRJ-UHFFFAOYSA-N,https://pubchem.ncbi.nlm.nih.gov/compound/323,2026-09-05,True,True,True,pending_review,,,0,,unresolved,,,,,candidate,数据库建议结构已准备；需核实预期盐型、异构体与来源证据
DC-030,麝香草酚,thymol,非活性参照(单萜酚),-,Cc1cc(C)c(O)cc1C,CC1=CC(=C(C=C1)C(C)C)O,6989,MGSRCZKZVOBKFT-UHFFFAOYSA-N,https://pubchem.ncbi.nlm.nih.gov/compound/6989,2026-09-05,False,False,False,pending_review,,,0,,unresolved,,https://pubmed.ncbi.nlm.nih.gov/10433875/,,,candidate,原无保肝证据标签存在已发表反例；先核身份，再按统一终点判断
DC-031,氯霉素,chloramphenicol,非活性参照(西药),-,O=[N+]([O-])c1ccc([C@H](O)[C@H](CO)NC(=O)C(Cl)Cl)cc1,C1=CC(=CC=C1[C@H]([C@@H](CO)NC(=O)C(Cl)Cl)O)[N+](=O)[O-],5959,WIIZWVCIJKGZOK-RKDXNWHRSA-N,https://pubchem.ncbi.nlm.nih.gov/compound/5959,2026-09-05,True,True,False,pending_review,,,0,,unresolved,,,,,candidate,数据库建议结构已准备；需核实预期盐型、异构体与来源证据
DC-032,甲氨蝶呤,methotrexate,非活性参照(西药),-,CN(Cc1cnc2nc(N)nc(N)c2n1)c1ccc(C(=O)NC(CCC(=O)O)C(=O)O)cc1,CN(CC1=CN=C2C(=N1)C(=NC(=N2)N)N)C3=CC=C(C=C3)C(=O)N[C@@H](CCC(=O)O)C(=O)O,126941,FBOZXECLQNJBKD-ZDUSSCGKSA-N,https://pubchem.ncbi.nlm.nih.gov/compound/126941,2026-09-05,True,True,False,pending_review,,,0,,unresolved,,,,,candidate,数据库建议结构已准备；需核实预期盐型、异构体与来源证据
DC-033,异烟肼,isoniazid,非活性参照(西药),-,NNC(=O)c1cccnc1,C1=CN=CC=C1C(=O)NN,3767,QRXWMOHMRWLFEY-UHFFFAOYSA-N,https://pubchem.ncbi.nlm.nih.gov/compound/3767,2026-09-05,False,True,False,pending_review,,,0,,unresolved,,,,,candidate,数据库建议结构已准备；需核实预期盐型、异构体与来源证据
DC-034,吡嗪酰胺,pyrazinamide,非活性参照(西药),-,NC(=O)c1cnccn1,C1=CN=C(C=N1)C(=O)N,1046,IPEHBUMCGVEMRF-UHFFFAOYSA-N,https://pubchem.ncbi.nlm.nih.gov/compound/1046,2026-09-05,True,True,True,pending_review,,,0,,unresolved,,,,,candidate,数据库建议结构已准备；需核实预期盐型、异构体与来源证据
DC-035,苯佐卡因,benzocaine,非活性参照(西药),-,CCOC(=O)c1ccc(N)cc1,CCOC(=O)C1=CC=C(C=C1)N,2337,BLFLLBZGZJTVJG-UHFFFAOYSA-N,https://pubchem.ncbi.nlm.nih.gov/compound/2337,2026-09-05,True,True,True,pending_review,,,0,,unresolved,,,,,candidate,数据库建议结构已准备；需核实预期盐型、异构体与来源证据
DC-036,利多卡因,lidocaine,非活性参照(西药),-,CCN(CC)CC(=O)Nc1c(C)cccc1C,CCN(CC)CC(=O)NC1=C(C=CC=C1C)C,3676,NNJVILVZKWQKPM-UHFFFAOYSA-N,https://pubchem.ncbi.nlm.nih.gov/compound/3676,2026-09-05,True,True,True,pending_review,,,0,,unresolved,,,,,candidate,数据库建议结构已准备；需核实预期盐型、异构体与来源证据
DC-037,酮洛芬,ketoprofen,非活性参照(西药),-,O=C(O)c1ccccc1C(=O)c1ccccc1,CC(C1=CC(=CC=C1)C(=O)C2=CC=CC=C2)C(=O)O,3825,DKYWVDODHFEZIM-UHFFFAOYSA-N,https://pubchem.ncbi.nlm.nih.gov/compound/3825,2026-09-05,False,False,False,pending_review,,,0,,unresolved,,,,,candidate,数据库建议结构已准备；需核实预期盐型、异构体与来源证据
DC-038,萘普生,naproxen,非活性参照(西药),-,COc1ccc2cc(CC(C)C(=O)O)ccc2c1,C[C@@H](C1=CC2=C(C=C1)C=C(C=C2)OC)C(=O)O,156391,CMWTZPSULFXXJA-VIFPVBQESA-N,https://pubchem.ncbi.nlm.nih.gov/compound/156391,2026-09-05,False,False,False,pending_review,,,0,,unresolved,,,,,candidate,数据库建议结构已准备；需核实预期盐型、异构体与来源证据
DC-039,甲苯磺丁脲,tolbutamide,非活性参照(西药),-,CCCCNC(=O)NS(=O)(=O)c1ccc(CC)cc1,CCCCNC(=O)NS(=O)(=O)C1=CC=C(C=C1)C,5505,JLRGJRBPOGGCBT-UHFFFAOYSA-N,https://pubchem.ncbi.nlm.nih.gov/compound/5505,2026-09-05,False,False,False,pending_review,,,0,,unresolved,,,,,candidate,数据库建议结构已准备；需核实预期盐型、异构体与来源证据
DC-040,苯甲酸,benzoic acid,非活性参照(小分子),-,O=C(O)c1ccccc1,C1=CC=C(C=C1)C(=O)O,243,WPYMKLBDIGXBTP-UHFFFAOYSA-N,https://pubchem.ncbi.nlm.nih.gov/compound/243,2026-09-05,True,True,True,pending_review,,,0,,unresolved,,,,,candidate,数据库建议结构已准备；需核实预期盐型、异构体与来源证据
NV-001,科罗索酸,corosolic acid,三萜类,枇杷叶/熊果,CC1(C)CC2CCC3(C)C(CCC4(C)C3CC=C3C5(C)CCC(O)C(C)(C)C5CCC43C)C2CC1O,C[C@@H]1CC[C@@]2(CC[C@@]3(C(=CC[C@H]4[C@]3(CC[C@@H]5[C@@]4(C[C@H]([C@@H](C5(C)C)O)O)C)C)[C@@H]2[C@H]1C)C)C(=O)O,6918774,HFGSQOYIOKBQOW-ZSDYHTTISA-N,https://pubchem.ncbi.nlm.nih.gov/compound/6918774,2026-09-05,False,False,False,pending_review,,,,,unresolved,,,,,candidate,数据库建议结构已准备；需核实预期盐型、异构体与来源证据
NV-002,马斯里酸,maslinic acid,三萜类,橄榄叶/山楂,CC1(C)CCC2(C1)C(O)CC3(C2)CCCC4(C3)CCC(C)C5(C4)CCC(O)C(C)(C)C5C(=O)O,C[C@@]12CC[C@@H]3[C@@]([C@H]1CC=C4[C@]2(CC[C@@]5([C@H]4CC(CC5)(C)C)C(=O)O)C)(C[C@H]([C@@H](C3(C)C)O)O)C,73659,MDZKJHQSJHYOHJ-LLICELPBSA-N,https://pubchem.ncbi.nlm.nih.gov/compound/73659,2026-09-05,False,False,False,pending_review,,,,,unresolved,,,,,candidate,数据库建议结构已准备；需核实预期盐型、异构体与来源证据
NV-003,积雪草酸,asiatic acid,三萜类,积雪草,CC1(C)CCC2(C1)C(O)CC3(C2)CCCC4(C3)CCC(O)C5(C4)CCC(O)C(C)(C)C5C(=O)O,C[C@@H]1CC[C@@]2(CC[C@@]3(C(=CC[C@H]4[C@]3(CC[C@@H]5[C@@]4(C[C@H]([C@@H]([C@@]5(C)CO)O)O)C)C)[C@@H]2[C@H]1C)C)C(=O)O,119034,JXSVIVRDWWRQRT-UYDOISQJSA-N,https://pubchem.ncbi.nlm.nih.gov/compound/119034,2026-09-05,False,False,False,pending_review,,,,,unresolved,,,,,candidate,数据库建议结构已准备；需核实预期盐型、异构体与来源证据
NV-004,羟基积雪草酸,madecassic acid,三萜类,积雪草,CC1(C)CCC2(C1)C(O)CC3(C2)CC(O)CC4(C3)CCC(O)C5(C4)CCC(O)C(C)(C)C5C(=O)O,C[C@@H]1CC[C@@]2(CC[C@@]3(C(=CC[C@H]4[C@]3(C[C@H]([C@@H]5[C@@]4(C[C@H]([C@@H]([C@@]5(C)CO)O)O)C)O)C)[C@@H]2[C@H]1C)C)C(=O)O,73412,PRAUVHZJPXOEIF-AOLYGAPISA-N,https://pubchem.ncbi.nlm.nih.gov/compound/73412,2026-09-05,False,False,False,pending_review,,,,,unresolved,,,,,candidate,数据库建议结构已准备；需核实预期盐型、异构体与来源证据
NV-005,β-乳香酸,boswellic acid,三萜类,乳香,CC1=C(C)C2CCC3(C)C(C2)CCC4(C)C3CC=C1CC4C(=O)O,C[C@@H]1CC[C@@]2(CC[C@@]3(C(=CC[C@H]4[C@]3(CC[C@@H]5[C@@]4(CC[C@H]([C@]5(C)C(=O)O)O)C)C)[C@@H]2[C@H]1C)C)C,168928,NBGQZFQREPIKMG-PONOSELZSA-N,https://pubchem.ncbi.nlm.nih.gov/compound/168928,2026-09-05,False,False,False,pending_review,,,,,unresolved,,,,,candidate,数据库建议结构已准备；需核实预期盐型、异构体与来源证据
NV-006,去氢松香酸,dehydroabietic acid,二萜类,松香/络石藤,CC(C)c1ccc2c(c1)CCC1(C)CCC(C(C)C)CC21C(=O)O,CC(C)C1=CC2=C(C=C1)[C@]3(CCC[C@@]([C@@H]3CC2)(C)C(=O)O)C,94391,NFWKVWVWBFBAOV-MISYRCLQSA-N,https://pubchem.ncbi.nlm.nih.gov/compound/94391,2026-09-05,False,False,False,pending_review,,,,,unresolved,,,,,candidate,数据库建议结构已准备；需核实预期盐型、异构体与来源证据
NV-007,五味子甲素,schisandrin A,木脂素类,五味子,COc1cc(CC(C)CCc2cc(OC)c(C)c(OC)c2C)ccc1OC,C[C@@H]1CC2=CC(=C(C(=C2C3=C(C(=C(C=C3C[C@@H]1C)OC)OC)OC)OC)OC)OC,155256,JEJFTTRHGBKKEI-OKILXGFUSA-N,https://pubchem.ncbi.nlm.nih.gov/compound/155256,2026-09-05,False,False,False,pending_review,,,,,unresolved,,,,,candidate,数据库建议结构已准备；需核实预期盐型、异构体与来源证据
NV-008,戈米辛A,gomisin A,木脂素类,五味子,C[C@H]1CC2=CC3=C(C(=C2C4=C(C(=C(C=C4C[C@@]1(C)O)OC)OC)OC)OC)OCO3,C[C@H]1CC2=CC3=C(C(=C2C4=C(C(=C(C=C4C[C@@]1(C)O)OC)OC)OC)OC)OCO3,15608605,ZWRRJEICIPUPHZ-DAOPMYJZSA-N,https://pubchem.ncbi.nlm.nih.gov/compound/15608605,2026-09-05,True,True,True,pending_review,,,,,unresolved,,,,,candidate,数据库建议结构已准备；需核实预期盐型、异构体与来源证据
NV-009,松脂素,pinoresinol,木脂素类,连翘/杜仲,COC1=C(C=CC(=C1)[C@@H]2[C@H]3CO[C@@H]([C@H]3CO2)C4=CC(=C(C=C4)O)OC)O,COC1=C(C=CC(=C1)[C@@H]2[C@H]3CO[C@@H]([C@H]3CO2)C4=CC(=C(C=C4)O)OC)O,73399,HGXBRUKMWQGOIE-AFHBHXEDSA-N,https://pubchem.ncbi.nlm.nih.gov/compound/73399,2026-09-05,True,True,True,pending_review,,,,,unresolved,,,,,candidate,数据库建议结构已准备；需核实预期盐型、异构体与来源证据
NV-010,落叶松脂素,lariciresinol,木脂素类,连翘/亚麻籽,COc1cc2CC(O)C(CO)c3cc(OC)ccc3C2c1OC,COC1=C(C=CC(=C1)C[C@H]2CO[C@@H]([C@H]2CO)C3=CC(=C(C=C3)O)OC)O,332427,MHXCIKYXNYCMHY-AUSJPIAWSA-N,https://pubchem.ncbi.nlm.nih.gov/compound/332427,2026-09-05,False,False,False,pending_review,,,,,unresolved,,,,,candidate,数据库建议结构已准备；需核实预期盐型、异构体与来源证据
NV-011,奥贝胆酸,obeticholic acid,甾体酸类,(阳性参照药)FXR激动剂,CCC(C)C(C)CC(O)C1CCC2(C)C1CCC3C2CCC4(C)C3CCC4C(=O)O,CC[C@@H]1[C@@H]2C[C@@H](CC[C@@]2([C@H]3CC[C@]4([C@H]([C@@H]3[C@@H]1O)CC[C@@H]4[C@H](C)CCC(=O)O)C)C)O,447715,ZXERDUOLZKYMJM-ZWECCWDJSA-N,https://pubchem.ncbi.nlm.nih.gov/compound/447715,2026-09-05,False,False,False,pending_review,,,,,unresolved,,,,,positive_control,数据库建议结构已准备；需核实预期盐型、异构体与来源证据
NV-012,灵芝酸A,ganoderic acid,三萜类,灵芝,CC1(C)CCC2(C1)CCC3(C2)CC(=O)CC4(C3)CCC(O)C5(C4)CCCCC5(C)C(=O)O,C[C@H](CC(=O)C[C@@H](C)C(=O)O)[C@H]1C[C@@H]([C@@]2([C@@]1(CC(=O)C3=C2[C@H](CC4[C@@]3(CCC(=O)C4(C)C)C)O)C)C)O,73554535,DYOKDAQBNHPJFD-PMVVSAHYSA-N,https://pubchem.ncbi.nlm.nih.gov/compound/73554535,2026-09-05,False,False,False,pending_review,,,,,unresolved,,,,,candidate,数据库建议结构已准备；需核实预期盐型、异构体与来源证据
